"itemid","count"
"30013","2557507"
"30018","2392372"
"30131","924614"
"30045","825758"
"30025","813242"
"30118","780555"
"30128","554582"
"30124","505509"
"30120","476971"
"30140","373023"
"30026","291669"
"30112","259281"
"30121","239268"
"30187","227011"
"30021","214893"
"30032","204714"
"30015","200221"
"30208","194741"
"30123","193403"
"30056","188107"
"30043","173745"
"30141","173510"
"30166","167025"
"30303","165273"
"30051","165219"
"30221","153406"
"30089","147518"
"30073","147333"
"30144","141104"
"30302","137887"
"30125","132751"
"30196","129029"
"30050","112121"
"30296","98887"
"30126","97439"
"30095","94752"
"30077","94128"
"30297","85820"
"30119","82889"
"30090","78707"
"30304","75194"
"30020","72177"
"30260","72082"
"30042","66775"
"30122","66164"
"30115","64405"
"30114","63994"
"30066","58279"
"30354","58211"
"30001","56459"
"30088","52241"
"30172","51536"
"30096","50191"
"30023","48834"
"30078","47045"
"30133","45798"
"30163","41012"
"30227","37708"
"30308","36595"
"30149","35526"
"30030","35462"
"30142","34617"
"30059","33388"
"30060","33210"
"30307","32971"
"30178","32318"
"30197","29966"
"30117","28666"
"30058","28654"
"30199","27589"
"30167","26613"
"30173","26166"
"30225","25969"
"30164","25369"
"30029","24448"
"30072","24282"
"30403","23029"
"30047","22272"
"30065","22092"
"30048","21685"
"30198","21246"
"30005","21230"
"30321","21222"
"30200","21023"
"30404","20746"
"30360","18132"
"30266","17457"
"30270","16582"
"30325","16269"
"30101","16012"
"30150","14849"
"30071","14847"
"30028","14655"
"30358","14570"
"30049","14398"
"30127","14317"
"30086","13434"
"30194","12788"
"30313","12481"
"30301","11934"
"30165","11794"
"30075","11566"
"30335","10869"
"30016","10775"
"30366","10610"
"30317","10223"
"30191","10195"
"30054","9971"
"30298","9967"
"30031","9319"
"30068","9243"
"30264","9208"
"30100","8765"
"30371","8440"
"30272","8414"
"30193","8204"
"30006","8161"
"30383","7831"
"30177","7549"
"30368","7075"
"30364","7047"
"30130","6982"
"30061","6861"
"30009","6542"
"30033","6287"
"30052","6227"
"30179","6163"
"30190","5870"
"30102","5852"
"30299","5551"
"30143","5273"
"30099","5230"
"30402","5184"
"30138","5160"
"30337","5097"
"30369","5071"
"30318","5041"
"30192","4737"
"30323","4677"
"30110","4654"
"30160","4616"
"30324","4457"
"30278","4407"
"30384","4285"
"30008","3865"
"30314","3742"
"30168","3580"
"30116","3575"
"30104","3558"
"30186","3493"
"30276","3107"
"30203","2975"
"46284","2749"
"30357","2637"
"30069","2619"
"30365","2578"
"30055","2549"
"30151","2471"
"30347","2405"
"30226","2387"
"30231","2303"
"30135","2270"
"30211","2211"
"30012","2150"
"30353","2032"
"30350","1993"
"30336","1991"
"30201","1979"
"30111","1954"
"30103","1905"
"30159","1793"
"30326","1792"
"30306","1663"
"30170","1578"
"30233","1494"
"30087","1484"
"30355","1471"
"30359","1439"
"30401","1379"
"30105","1375"
"41101","1350"
"30007","1348"
"30189","1334"
"40549","1308"
"30067","1292"
"30185","1238"
"30027","1185"
"30113","1163"
"30063","1139"
"30108","1135"
"30094","1110"
"30375","1093"
"30348","1045"
"30352","1027"
"30319","1019"
"30134","997"
"30014","984"
"41193","974"
"30385","951"
"30202","950"
"30349","946"
"30339","901"
"30204","899"
"30282","874"
"30148","840"
"45661","839"
"46417","835"
"40552","831"
"30209","798"
"30305","797"
"41583","796"
"30205","771"
"30011","741"
"30098","728"
"43677","724"
"30022","721"
"43747","716"
"30129","690"
"30399","688"
"30340","661"
"30210","623"
"44306","621"
"30343","616"
"30341","608"
"30334","604"
"30351","602"
"30057","581"
"30239","577"
"46019","567"
"30386","563"
"44008","540"
"46052","536"
"46493","524"
"30174","508"
"30017","505"
"30044","477"
"45381","475"
"30265","460"
"45681","458"
"44107","451"
"30003","450"
"30322","449"
"46009","446"
"30175","439"
"30405","434"
"45399","419"
"45597","407"
"41848","404"
"45685","401"
"46516","381"
"40700","377"
"46006","375"
"42455","371"
"43135","370"
"45984","364"
"42504","364"
"45987","357"
"30374","355"
"30070","339"
"46293","338"
"44849","331"
"30053","330"
"45407","326"
"30310","325"
"40850","311"
"40976","309"
"30176","307"
"43683","307"
"30080","306"
"42299","295"
"30184","290"
"45370","289"
"41859","286"
"45406","283"
"42166","281"
"44218","277"
"30345","277"
"41093","275"
"30237","273"
"41938","272"
"45302","272"
"46160","266"
"30362","265"
"45323","264"
"30036","264"
"30107","259"
"42204","259"
"30161","257"
"45755","253"
"30346","249"
"30342","248"
"30381","245"
"44675","243"
"30315","242"
"30093","240"
"45725","239"
"30395","233"
"45473","233"
"30146","231"
"44102","229"
"41410","227"
"42782","227"
"41531","225"
"45721","224"
"46554","223"
"45606","223"
"45502","223"
"46015","222"
"30195","220"
"44609","219"
"45903","218"
"46101","216"
"42693","214"
"45449","214"
"30106","213"
"43778","213"
"45656","211"
"45392","208"
"46693","207"
"41430","207"
"42174","207"
"41183","205"
"42462","204"
"41518","202"
"41651","201"
"46292","200"
"46008","200"
"45683","199"
"46549","198"
"44050","197"
"45808","197"
"41846","196"
"45821","195"
"46299","195"
"45913","193"
"30085","193"
"40281","192"
"41028","191"
"30344","190"
"30320","189"
"45902","188"
"44737","184"
"46046","183"
"40777","183"
"44202","180"
"46197","179"
"45391","178"
"30082","177"
"45179","177"
"45475","175"
"42742","175"
"44441","175"
"44547","174"
"45206","174"
"45988","173"
"45999","172"
"43126","172"
"30180","171"
"46281","170"
"45964","169"
"45981","168"
"46730","168"
"40864","167"
"43070","166"
"30243","164"
"30370","163"
"45671","161"
"45573","160"
"46057","159"
"45699","159"
"40726","158"
"30046","158"
"42372","157"
"41646","157"
"42385","156"
"45718","155"
"43063","155"
"40385","154"
"30312","152"
"30295","152"
"46665","150"
"46280","148"
"30169","148"
"45986","148"
"30361","147"
"45930","146"
"41353","145"
"45990","142"
"45961","141"
"30329","140"
"46087","139"
"45954","139"
"46332","139"
"46496","139"
"42440","138"
"46113","138"
"30338","138"
"45614","138"
"30378","137"
"46047","137"
"45513","137"
"45684","136"
"41916","136"
"42564","135"
"45364","135"
"30062","134"
"45515","134"
"45744","133"
"44223","133"
"42430","133"
"44391","132"
"42100","132"
"30081","132"
"46632","131"
"41491","130"
"46041","130"
"43982","129"
"30004","129"
"46765","128"
"40283","128"
"45757","128"
"42888","127"
"45511","126"
"44800","125"
"45514","125"
"45904","124"
"40863","124"
"44354","123"
"45998","122"
"46439","122"
"46298","122"
"45458","122"
"45275","121"
"46007","120"
"44963","120"
"45719","119"
"40749","119"
"46069","119"
"42099","119"
"46708","118"
"44585","118"
"42106","118"
"43050","117"
"42457","117"
"42484","117"
"42967","116"
"30097","116"
"30398","115"
"43509","115"
"45687","115"
"41823","114"
"42663","113"
"43994","113"
"46472","113"
"46075","112"
"45600","112"
"42414","112"
"45137","112"
"44743","111"
"45195","111"
"42325","111"
"46172","111"
"45156","110"
"45476","110"
"46651","110"
"46540","110"
"45151","109"
"46636","107"
"45448","107"
"45803","107"
"45865","107"
"45236","106"
"45768","106"
"42639","106"
"42150","106"
"46546","106"
"45320","106"
"45170","105"
"42777","105"
"45724","105"
"30356","104"
"42135","104"
"44092","104"
"30309","104"
"44711","103"
"45470","102"
"30171","102"
"43230","101"
"30083","101"
"42698","100"
"46391","100"
"43366","99"
"45335","99"
"46343","99"
"30207","99"
"43678","98"
"45947","98"
"46311","98"
"45599","98"
"45945","97"
"45401","96"
"42965","96"
"46085","95"
"45731","94"
"45334","94"
"40402","94"
"44162","94"
"41620","94"
"45940","93"
"44780","93"
"45492","93"
"41460","93"
"45680","93"
"46791","93"
"43488","93"
"43381","93"
"43693","92"
"30214","92"
"46790","92"
"45478","91"
"46389","91"
"46500","91"
"42343","91"
"44554","90"
"45321","90"
"43125","90"
"42342","90"
"45349","89"
"45469","89"
"40676","89"
"45929","89"
"42990","88"
"46483","88"
"44484","88"
"42731","88"
"46392","88"
"46461","87"
"42451","87"
"45503","86"
"42697","86"
"42285","86"
"40550","86"
"46337","85"
"46432","85"
"44635","85"
"41516","85"
"42187","85"
"44172","85"
"30002","85"
"46691","85"
"46026","85"
"43900","84"
"44945","84"
"44125","84"
"44787","83"
"46236","83"
"44615","83"
"42091","83"
"44318","83"
"45982","83"
"46010","82"
"44312","82"
"42665","82"
"44608","82"
"46318","81"
"45598","81"
"42813","81"
"45385","81"
"40872","81"
"45119","80"
"45506","80"
"46609","80"
"44105","80"
"46272","79"
"45587","79"
"40788","79"
"42691","79"
"45520","79"
"46173","78"
"42045","78"
"43506","78"
"44699","78"
"46110","77"
"44876","77"
"42804","77"
"43439","76"
"41579","76"
"46574","76"
"45336","76"
"44796","75"
"44010","75"
"45126","75"
"43765","75"
"42146","74"
"45802","74"
"43122","74"
"30394","74"
"46153","74"
"40646","74"
"44451","74"
"42567","73"
"42361","73"
"43757","73"
"45648","73"
"42244","73"
"46772","72"
"45444","72"
"43134","72"
"42707","72"
"46273","72"
"46155","71"
"42246","70"
"44324","70"
"44045","70"
"45237","69"
"42833","69"
"45759","69"
"44430","68"
"46151","68"
"44425","68"
"44117","68"
"41351","67"
"46245","67"
"42908","67"
"46798","67"
"30040","67"
"45580","67"
"41710","66"
"46065","66"
"46095","66"
"40865","66"
"45644","66"
"45274","65"
"42049","65"
"45505","65"
"45450","65"
"44797","65"
"46422","64"
"43903","64"
"41086","64"
"46465","64"
"30396","63"
"40595","63"
"43728","63"
"41408","63"
"45870","62"
"44820","62"
"45701","62"
"41627","62"
"45384","62"
"45101","62"
"42797","62"
"46412","62"
"45176","62"
"45572","62"
"44653","61"
"44518","61"
"46042","61"
"46211","61"
"46501","61"
"45691","61"
"46045","61"
"42063","61"
"45352","60"
"44795","60"
"40583","60"
"45353","60"
"43088","60"
"46411","60"
"43810","60"
"43047","60"
"42638","60"
"46040","59"
"42641","59"
"45472","58"
"45471","58"
"46470","58"
"45576","58"
"44466","58"
"42490","58"
"44826","58"
"42353","57"
"43370","57"
"45574","57"
"45563","57"
"46559","57"
"45358","57"
"45577","57"
"44749","56"
"41568","56"
"40954","56"
"45785","56"
"40635","56"
"46291","56"
"42657","55"
"45722","55"
"30377","55"
"42999","55"
"45217","55"
"42297","54"
"43141","54"
"41963","54"
"42282","54"
"46431","54"
"41774","54"
"42998","54"
"42488","54"
"30391","54"
"42027","54"
"41915","53"
"45443","53"
"45777","53"
"42915","53"
"42308","53"
"44179","53"
"43727","53"
"30084","53"
"46434","52"
"46344","52"
"41632","52"
"45754","52"
"42059","52"
"43619","52"
"46386","51"
"40778","51"
"42061","51"
"42725","51"
"45292","51"
"44044","51"
"46419","51"
"41525","51"
"46393","51"
"45400","51"
"45459","51"
"42975","51"
"45629","50"
"43632","50"
"46363","50"
"46747","50"
"42865","50"
"43819","50"
"45203","50"
"41122","50"
"45673","50"
"45871","50"
"46105","49"
"44091","49"
"30213","49"
"45951","49"
"45544","49"
"45690","49"
"45451","49"
"43507","49"
"44399","49"
"46611","49"
"45409","49"
"43713","49"
"44500","48"
"46083","48"
"45937","48"
"46120","48"
"43962","48"
"30074","48"
"40424","48"
"45625","48"
"44420","48"
"44579","48"
"41984","48"
"42940","48"
"30287","48"
"43233","48"
"42291","48"
"46569","48"
"41906","48"
"40699","48"
"46094","48"
"46089","48"
"45946","48"
"42566","47"
"45329","47"
"42812","47"
"46117","47"
"45445","47"
"46048","47"
"43886","47"
"46076","47"
"45333","47"
"45657","46"
"45783","46"
"41759","46"
"41371","46"
"42814","46"
"46203","46"
"42732","46"
"46300","46"
"46492","46"
"45200","46"
"42805","45"
"42932","45"
"45433","45"
"40952","45"
"46440","45"
"30392","45"
"40450","45"
"42628","45"
"42944","44"
"42898","44"
"45315","44"
"43826","44"
"41439","43"
"30253","43"
"42336","43"
"45388","43"
"46690","43"
"46246","43"
"42245","43"
"45504","43"
"41067","43"
"44504","43"
"40030","43"
"45775","43"
"43037","42"
"43241","42"
"42090","42"
"30238","42"
"42240","42"
"42407","42"
"41162","42"
"41147","42"
"42886","42"
"46429","42"
"42575","42"
"42655","42"
"46547","42"
"45369","41"
"46275","41"
"46591","41"
"42526","41"
"43139","40"
"41188","40"
"46720","40"
"46126","40"
"45273","40"
"42933","39"
"45314","39"
"42335","39"
"42855","39"
"46438","39"
"42402","39"
"43086","39"
"46336","39"
"45659","39"
"42429","39"
"45963","38"
"44848","38"
"42177","38"
"46114","38"
"40712","38"
"43712","38"
"42573","38"
"44009","38"
"42590","38"
"42832","38"
"45967","38"
"45909","38"
"42709","38"
"43367","38"
"42408","37"
"43440","37"
"45693","37"
"45928","37"
"45571","37"
"44527","37"
"42269","37"
"41459","37"
"46163","37"
"45180","37"
"45220","36"
"46560","36"
"30249","36"
"45610","36"
"46248","36"
"46355","36"
"42365","36"
"43147","36"
"45330","36"
"41068","36"
"44311","35"
"43234","35"
"45868","35"
"42384","35"
"46014","35"
"40880","35"
"46427","35"
"44631","35"
"42026","35"
"43061","35"
"42790","35"
"43979","35"
"43744","35"
"42994","35"
"42273","35"
"41490","35"
"46428","35"
"30181","34"
"46630","34"
"46036","34"
"44175","34"
"45048","34"
"42456","34"
"44204","34"
"43774","34"
"46243","34"
"41537","34"
"42827","34"
"41621","34"
"44038","34"
"46301","34"
"45819","34"
"44523","33"
"46277","33"
"44116","33"
"46635","33"
"44552","33"
"42470","33"
"45322","33"
"42771","33"
"45856","33"
"42669","33"
"45539","33"
"40796","32"
"44446","32"
"44861","32"
"42917","32"
"46448","32"
"46194","32"
"42383","32"
"42173","32"
"45360","32"
"46338","32"
"41788","32"
"43073","32"
"45387","32"
"45663","32"
"42310","32"
"46097","32"
"44478","32"
"45114","32"
"44098","32"
"44855","32"
"41851","32"
"46276","32"
"30283","31"
"40327","31"
"44492","31"
"43077","31"
"42373","31"
"41002","31"
"42112","31"
"44289","31"
"46625","31"
"46589","31"
"44160","31"
"45045","30"
"30254","30"
"46681","30"
"46223","30"
"42288","30"
"46023","30"
"40908","30"
"45109","30"
"42980","30"
"46212","30"
"46308","30"
"46341","30"
"43904","30"
"44089","30"
"40611","30"
"42887","30"
"46012","30"
"46104","30"
"46451","30"
"42792","29"
"44614","29"
"46265","29"
"46013","29"
"41983","29"
"41745","29"
"45682","29"
"46725","29"
"42480","29"
"42382","29"
"44106","29"
"45446","29"
"42453","29"
"44703","29"
"43357","29"
"44386","29"
"42230","29"
"44776","28"
"42161","28"
"43631","28"
"46084","28"
"45185","28"
"43018","28"
"45208","28"
"45160","28"
"46056","28"
"42359","28"
"44414","28"
"44407","28"
"43936","28"
"45032","28"
"30277","28"
"44118","28"
"41415","27"
"42087","27"
"46088","27"
"41582","27"
"45612","27"
"46196","27"
"45569","27"
"45531","27"
"45481","27"
"45169","27"
"42778","27"
"44610","27"
"44528","27"
"44404","27"
"46729","27"
"46771","27"
"43170","27"
"43555","27"
"43700","27"
"45784","26"
"46271","26"
"41175","26"
"42345","26"
"40596","26"
"41084","26"
"30247","26"
"44061","26"
"41174","26"
"41092","26"
"45916","26"
"44690","26"
"45710","26"
"42763","26"
"46491","26"
"46592","26"
"41853","26"
"46593","26"
"44341","26"
"45915","26"
"44182","26"
"45162","26"
"42116","26"
"40907","26"
"46458","26"
"41458","26"
"41189","26"
"41532","26"
"41962","26"
"45023","25"
"44602","25"
"30389","25"
"46165","25"
"42447","25"
"43593","25"
"40795","25"
"46442","25"
"40702","25"
"45948","25"
"42661","25"
"44908","25"
"30373","25"
"45249","25"
"46577","25"
"30232","25"
"46686","25"
"41372","25"
"41694","25"
"45403","25"
"44413","25"
"45761","25"
"43346","25"
"45108","25"
"44100","25"
"43242","25"
"45880","24"
"45921","24"
"30316","24"
"42705","24"
"46115","24"
"42281","24"
"44994","24"
"44155","24"
"45104","24"
"42664","24"
"45157","24"
"46624","24"
"45950","24"
"46447","24"
"45297","24"
"44887","24"
"42040","24"
"45807","24"
"45380","24"
"30034","24"
"45773","24"
"30109","24"
"43657","24"
"45748","24"
"46340","24"
"46565","24"
"45508","24"
"45887","23"
"42428","23"
"42176","23"
"46776","23"
"44544","23"
"42409","23"
"40033","23"
"45943","23"
"44394","23"
"46653","23"
"45543","23"
"30367","23"
"45164","23"
"41856","23"
"44965","23"
"44343","23"
"44632","23"
"45720","23"
"42743","23"
"46476","23"
"45125","23"
"46508","23"
"43719","23"
"42149","23"
"43038","23"
"46235","23"
"42217","23"
"43406","23"
"45389","23"
"45853","23"
"43232","23"
"43867","23"
"42438","23"
"46572","22"
"42783","22"
"45047","22"
"40794","22"
"45155","22"
"41065","22"
"44486","22"
"42481","22"
"41111","22"
"42925","22"
"45474","22"
"46699","22"
"44287","22"
"46256","22"
"46251","22"
"44200","22"
"42298","22"
"45949","22"
"46239","22"
"46218","22"
"44096","22"
"43081","22"
"41642","22"
"42044","22"
"41711","22"
"45983","22"
"45955","22"
"41787","22"
"44871","22"
"46217","21"
"30271","21"
"41110","21"
"44759","21"
"42561","21"
"46679","21"
"42028","21"
"41827","21"
"44697","21"
"45371","21"
"44885","21"
"44696","21"
"46594","21"
"45466","21"
"41828","21"
"44355","21"
"46111","21"
"43356","21"
"44167","21"
"43708","21"
"45447","21"
"43332","21"
"42084","21"
"43588","21"
"45197","21"
"44529","21"
"40667","20"
"42203","20"
"30300","20"
"43699","20"
"41355","20"
"45709","20"
"42125","20"
"44376","20"
"46778","20"
"45410","20"
"43921","20"
"42514","20"
"43505","20"
"41968","20"
"41064","20"
"45881","20"
"45290","20"
"45177","20"
"40581","20"
"41845","20"
"43021","20"
"46192","20"
"43020","20"
"45564","20"
"42207","19"
"46005","19"
"43977","19"
"45764","19"
"46357","19"
"41905","19"
"43423","19"
"44779","19"
"45024","19"
"44031","19"
"43599","19"
"44037","19"
"45457","19"
"44772","19"
"42831","19"
"41322","19"
"42216","19"
"46297","19"
"43465","19"
"46420","19"
"45001","19"
"46750","19"
"46582","19"
"42483","19"
"42901","19"
"43229","19"
"45027","19"
"44472","19"
"41382","19"
"44516","19"
"45770","19"
"42311","19"
"44915","18"
"30291","18"
"30397","18"
"41714","18"
"41865","18"
"41902","18"
"42025","18"
"42154","18"
"42233","18"
"42251","18"
"42423","18"
"42478","18"
"42576","18"
"42821","18"
"42939","18"
"42985","18"
"43466","18"
"44330","18"
"44346","18"
"44578","18"
"44628","18"
"44900","18"
"45080","18"
"45373","18"
"45452","18"
"45772","18"
"45872","18"
"45907","18"
"45966","18"
"46358","18"
"46486","18"
"46543","18"
"46603","18"
"46687","18"
"41431","17"
"42757","17"
"42568","17"
"44190","17"
"43013","17"
"44361","17"
"45287","17"
"45588","17"
"44648","17"
"44129","17"
"41835","17"
"41609","17"
"44128","17"
"41216","17"
"41597","17"
"45771","17"
"45922","17"
"45965","17"
"42599","17"
"42515","17"
"41668","17"
"46063","17"
"46608","17"
"45723","17"
"41100","17"
"45809","17"
"41076","17"
"45917","17"
"44383","17"
"45150","17"
"46216","17"
"45756","17"
"42494","17"
"44844","16"
"41163","16"
"43090","16"
"42563","16"
"46453","16"
"43999","16"
"42396","16"
"43132","16"
"46267","16"
"45382","16"
"46515","16"
"44936","16"
"41760","16"
"46562","16"
"42126","16"
"41798","16"
"46002","16"
"41702","16"
"45161","16"
"44723","16"
"43663","16"
"41669","16"
"41653","16"
"44366","16"
"41896","16"
"44525","16"
"43548","16"
"46106","16"
"41550","16"
"43709","16"
"46175","16"
"41956","16"
"45875","16"
"40812","16"
"44156","16"
"45016","16"
"45010","16"
"45579","16"
"30024","16"
"45737","16"
"44101","16"
"46731","15"
"42051","15"
"45848","15"
"45311","15"
"43424","15"
"45374","15"
"43689","15"
"43825","15"
"43707","15"
"44960","15"
"43869","15"
"43228","15"
"40780","15"
"42424","15"
"42722","15"
"46514","15"
"42422","15"
"45491","15"
"44874","15"
"42292","15"
"41217","15"
"42618","15"
"42755","15"
"42548","15"
"45596","15"
"44292","15"
"44331","15"
"41575","15"
"41619","15"
"44379","15"
"45029","15"
"42163","15"
"46769","15"
"40468","15"
"42799","15"
"41704","14"
"46460","14"
"42389","14"
"45499","14"
"43089","14"
"43091","14"
"40964","14"
"46445","14"
"45953","14"
"44511","14"
"42647","14"
"40449","14"
"42459","14"
"44370","14"
"45678","14"
"46671","14"
"41622","14"
"42060","14"
"42876","14"
"46103","14"
"44966","14"
"45662","14"
"42989","14"
"45633","14"
"42689","14"
"44255","14"
"44207","14"
"44573","14"
"43520","14"
"46317","14"
"43990","14"
"46320","14"
"43590","14"
"45455","14"
"42337","14"
"46158","13"
"43140","13"
"40801","13"
"42522","13"
"44927","13"
"45434","13"
"43983","13"
"45375","13"
"46443","13"
"45941","13"
"43767","13"
"44998","13"
"42734","13"
"46383","13"
"42736","13"
"45516","13"
"46362","13"
"45541","13"
"45960","13"
"46351","13"
"46349","13"
"45003","13"
"46346","13"
"41201","13"
"45584","13"
"44817","13"
"42038","13"
"45847","13"
"42007","13"
"46263","13"
"44679","13"
"42623","13"
"45034","13"
"41413","13"
"41958","13"
"41428","13"
"44793","13"
"45885","13"
"45031","13"
"45820","13"
"43725","13"
"45154","13"
"43540","13"
"42058","13"
"41581","13"
"46774","13"
"44381","13"
"45919","13"
"44625","13"
"44673","13"
"42646","13"
"46016","13"
"46011","13"
"42491","13"
"41447","12"
"41457","12"
"43865","12"
"46179","12"
"46397","12"
"42802","12"
"46633","12"
"45053","12"
"43974","12"
"45276","12"
"44265","12"
"40452","12"
"40998","12"
"42692","12"
"46156","12"
"40832","12"
"41368","12"
"43775","12"
"44949","12"
"42607","12"
"44799","12"
"45689","12"
"45708","12"
"44769","12"
"46127","12"
"44634","12"
"41220","12"
"43969","12"
"40744","12"
"45226","12"
"43909","12"
"42395","12"
"45424","12"
"45224","12"
"43007","12"
"45522","12"
"42721","12"
"43113","12"
"46566","12"
"43109","12"
"43823","12"
"40903","12"
"43516","12"
"46051","12"
"44698","12"
"45592","11"
"44122","11"
"45423","11"
"45050","11"
"42115","11"
"41234","11"
"41307","11"
"45037","11"
"30333","11"
"44798","11"
"46522","11"
"46534","11"
"46749","11"
"46004","11"
"44559","11"
"45241","11"
"46567","11"
"44789","11"
"44553","11"
"46174","11"
"30380","11"
"45641","11"
"46154","11"
"44294","11"
"43475","11"
"42211","11"
"43622","11"
"41538","11"
"46564","11"
"46109","11"
"42848","11"
"45979","11"
"44339","11"
"41895","11"
"45244","11"
"45688","11"
"45956","11"
"45052","11"
"46602","11"
"43476","11"
"44881","11"
"44616","11"
"45218","11"
"44053","11"
"43759","11"
"43240","11"
"41825","11"
"41824","11"
"45051","11"
"40548","11"
"46032","11"
"46610","11"
"43354","11"
"46031","11"
"44109","11"
"40902","11"
"46697","11"
"44830","10"
"45211","10"
"45300","10"
"45483","10"
"45647","10"
"43768","10"
"44742","10"
"46457","10"
"42654","10"
"42296","10"
"41083","10"
"46162","10"
"45442","10"
"44047","10"
"45038","10"
"42162","10"
"42223","10"
"42609","10"
"44323","10"
"45830","10"
"45534","10"
"45675","10"
"42971","10"
"45288","10"
"44976","10"
"45376","10"
"42956","10"
"42913","10"
"41493","10"
"44464","10"
"45427","10"
"44760","10"
"45776","10"
"41771","10"
"43039","10"
"40889","10"
"43584","10"
"45398","10"
"46498","10"
"45131","10"
"41850","10"
"44070","10"
"44638","10"
"44495","10"
"43168","10"
"45938","10"
"40963","9"
"42673","9"
"46680","9"
"42630","9"
"42631","9"
"45168","9"
"43726","9"
"40505","9"
"43745","9"
"43353","9"
"43766","9"
"40579","9"
"43799","9"
"40632","9"
"40636","9"
"40691","9"
"43875","9"
"46550","9"
"43889","9"
"43586","9"
"43108","9"
"41001","9"
"41087","9"
"46364","9"
"44094","9"
"46339","9"
"46328","9"
"46316","9"
"41356","9"
"41357","9"
"46260","9"
"41391","9"
"46249","9"
"46214","9"
"46181","9"
"44302","9"
"46140","9"
"42949","9"
"46064","9"
"41689","9"
"46033","9"
"42927","9"
"46027","9"
"44431","9"
"30248","9"
"41741","9"
"46003","9"
"41777","9"
"41864","9"
"45889","9"
"44601","9"
"42052","9"
"42844","9"
"44621","9"
"45765","9"
"43526","9"
"45728","9"
"42117","9"
"42134","9"
"42136","9"
"42137","9"
"44713","9"
"43661","9"
"42779","9"
"45677","9"
"45667","9"
"42284","9"
"42737","9"
"45497","9"
"46692","9"
"42387","9"
"45431","9"
"42452","9"
"45386","9"
"42493","9"
"46789","9"
"45036","9"
"46683","9"
"45305","9"
"41792","8"
"44728","8"
"46682","8"
"41688","8"
"44377","8"
"45139","8"
"41643","8"
"45132","8"
"41557","8"
"45325","8"
"46116","8"
"42979","8"
"42208","8"
"46150","8"
"46159","8"
"45621","8"
"42241","8"
"44203","8"
"44184","8"
"41390","8"
"45589","8"
"44805","8"
"41218","8"
"43487","8"
"42259","8"
"41186","8"
"46361","8"
"44836","8"
"43076","8"
"43080","8"
"45128","8"
"42322","8"
"44076","8"
"41176","8"
"45498","8"
"42730","8"
"45115","8"
"41066","8"
"45488","8"
"46455","8"
"42596","8"
"43472","8"
"45454","8"
"30139","8"
"43993","8"
"46481","8"
"46482","8"
"46484","8"
"45430","8"
"46518","8"
"43137","8"
"43583","8"
"44950","8"
"45282","8"
"40725","8"
"46561","8"
"43866","8"
"44962","8"
"43852","8"
"44964","8"
"46570","8"
"42581","8"
"43813","8"
"45072","8"
"40582","8"
"43319","8"
"44991","8"
"46598","8"
"43321","8"
"40532","8"
"46644","8"
"45363","8"
"45362","8"
"42031","8"
"43639","8"
"44539","8"
"45893","8"
"46660","8"
"44603","8"
"45359","8"
"44521","8"
"42836","8"
"41841","8"
"45354","8"
"45926","8"
"45936","8"
"43395","8"
"41797","8"
"41791","8"
"43656","8"
"44483","8"
"46717","8"
"45727","8"
"46797","8"
"41765","8"
"45997","8"
"44447","8"
"42127","8"
"42708","8"
"45033","8"
"45184","8"
"44427","8"
"46773","8"
"46043","8"
"44725","8"
"42089","7"
"45762","7"
"45519","7"
"45738","7"
"44088","7"
"45962","7"
"41179","7"
"42656","7"
"42309","7"
"42902","7"
"42513","7"
"45183","7"
"44469","7"
"45507","7"
"46674","7"
"44688","7"
"44864","7"
"30092","7"
"46390","7"
"42916","7"
"44442","7"
"45801","7"
"43087","7"
"41732","7"
"44526","7"
"45394","7"
"45143","7"
"43598","7"
"45495","7"
"44041","7"
"45833","7"
"43838","7"
"45271","7"
"44741","7"
"46053","7"
"42862","7"
"42374","7"
"46583","7"
"44757","7"
"46706","7"
"41611","7"
"46783","7"
"41561","7"
"44580","7"
"46467","7"
"45331","7"
"45453","7"
"45383","7"
"44488","7"
"46477","7"
"44264","7"
"41467","7"
"44246","7"
"45632","7"
"45627","7"
"44220","7"
"45908","7"
"41429","7"
"40551","7"
"44206","7"
"46596","7"
"45279","7"
"46264","7"
"46488","7"
"46266","7"
"43023","7"
"45896","7"
"43957","7"
"46302","7"
"43930","7"
"46517","7"
"44115","7"
"45901","7"
"44112","7"
"44823","7"
"42277","7"
"42706","7"
"30328","7"
"41182","7"
"43764","7"
"44833","7"
"45535","7"
"43169","7"
"43056","7"
"43062","7"
"42577","7"
"43746","7"
"42102","6"
"43636","6"
"43649","6"
"43674","6"
"43237","6"
"43864","6"
"43235","6"
"43882","6"
"43910","6"
"43951","6"
"43986","6"
"44001","6"
"44110","6"
"44126","6"
"44367","6"
"44415","6"
"44419","6"
"44424","6"
"44435","6"
"44440","6"
"44460","6"
"44477","6"
"42864","6"
"44582","6"
"44591","6"
"42826","6"
"44633","6"
"44642","6"
"42815","6"
"42785","6"
"44738","6"
"42770","6"
"44762","6"
"42764","6"
"44822","6"
"44889","6"
"44979","6"
"44983","6"
"45002","6"
"45057","6"
"45059","6"
"42699","6"
"45107","6"
"45133","6"
"45153","6"
"45172","6"
"42612","6"
"45268","6"
"45293","6"
"45303","6"
"45347","6"
"45348","6"
"45390","6"
"45404","6"
"42448","6"
"45425","6"
"42380","6"
"42363","6"
"42358","6"
"42344","6"
"42307","6"
"42306","6"
"42275","6"
"42265","6"
"42243","6"
"45586","6"
"45593","6"
"45630","6"
"45634","6"
"42206","6"
"45660","6"
"42172","6"
"42168","6"
"45736","6"
"45745","6"
"43541","6"
"45766","6"
"45767","6"
"45843","6"
"45886","6"
"45931","6"
"41773","6"
"41743","6"
"41712","6"
"46054","6"
"46066","6"
"46067","6"
"46086","6"
"41556","6"
"46139","6"
"41485","6"
"46176","6"
"41448","6"
"41303","6"
"46356","6"
"46366","6"
"46413","6"
"46436","6"
"46462","6"
"40803","6"
"46511","6"
"46521","6"
"46590","6"
"46597","6"
"46689","6"
"46726","6"
"30332","6"
"44877","5"
"43493","5"
"44870","5"
"46171","5"
"46170","5"
"42334","5"
"42329","5"
"44568","5"
"43939","5"
"45004","5"
"44270","5"
"45510","5"
"42735","5"
"43471","5"
"44276","5"
"43438","5"
"46157","5"
"46385","5"
"42512","5"
"45521","5"
"40423","5"
"41508","5"
"42171","5"
"43572","5"
"46138","5"
"46354","5"
"41555","5"
"43597","5"
"43515","5"
"43032","5"
"42645","5"
"44127","5"
"40645","5"
"42811","5"
"41591","5"
"44999","5"
"46330","5"
"46323","5"
"45075","5"
"46313","5"
"46077","5"
"43950","5"
"46312","5"
"43839","5"
"43017","5"
"42062","5"
"42416","5"
"45730","5"
"46296","5"
"42675","5"
"44815","5"
"45810","5"
"45166","5"
"42047","5"
"45595","5"
"46038","5"
"44916","5"
"40750","5"
"46017","5"
"41726","5"
"43902","5"
"46536","5"
"42065","5"
"42589","5"
"44971","5"
"42391","5"
"44902","5"
"44458","5"
"41389","5"
"44020","5"
"42477","5"
"44023","5"
"45294","5"
"44467","5"
"42900","5"
"42899","5"
"45238","5"
"46254","5"
"43521","5"
"40586","5"
"45942","5"
"46643","5"
"41416","5"
"42896","5"
"45863","5"
"44042","5"
"41094","5"
"45058","5"
"46227","5"
"45482","5"
"46226","5"
"44217","5"
"42521","5"
"42041","5"
"44537","5"
"41449","5"
"44695","5"
"42668","5"
"45876","5"
"44555","5"
"41981","5"
"45567","4"
"46700","4"
"42274","4"
"46078","4"
"41652","4"
"30230","4"
"41654","4"
"42249","4"
"44390","4"
"46707","4"
"41676","4"
"46039","4"
"42242","4"
"44804","4"
"46714","4"
"45165","4"
"42924","4"
"41747","4"
"43407","4"
"45609","4"
"45985","4"
"42224","4"
"42758","4"
"40489","4"
"44761","4"
"45978","4"
"42221","4"
"42565","4"
"45944","4"
"45640","4"
"42768","4"
"45643","4"
"44774","4"
"41810","4"
"45652","4"
"42894","4"
"44515","4"
"43750","4"
"43539","4"
"43772","4"
"43776","4"
"42878","4"
"41941","4"
"46754","4"
"42857","4"
"42856","4"
"44459","4"
"42030","4"
"44583","4"
"42180","4"
"45686","4"
"42784","4"
"44722","4"
"46588","4"
"44590","4"
"42841","4"
"45780","4"
"45700","4"
"46585","4"
"45779","4"
"42839","4"
"45774","4"
"43835","4"
"45717","4"
"46781","4"
"42825","4"
"44645","4"
"42110","4"
"43861","4"
"45343","4"
"43901","4"
"43924","4"
"43928","4"
"42713","4"
"43929","4"
"45021","4"
"43136","4"
"45013","4"
"43473","4"
"43942","4"
"46499","4"
"40833","4"
"40873","4"
"46487","4"
"46800","4"
"40894","4"
"44000","4"
"40953","4"
"43107","4"
"40955","4"
"46430","4"
"41048","4"
"41063","4"
"45395","4"
"44056","4"
"42469","4"
"42468","4"
"44057","4"
"46387","4"
"42458","4"
"45286","4"
"42580","4"
"41187","4"
"44130","4"
"41219","4"
"46333","4"
"46322","4"
"45432","4"
"41275","4"
"41354","4"
"42415","4"
"42406","4"
"44163","4"
"42401","4"
"44165","4"
"41383","4"
"42724","4"
"41387","4"
"41388","4"
"43010","4"
"42381","4"
"43009","4"
"45225","4"
"43008","4"
"45092","4"
"42674","4"
"46244","4"
"46228","4"
"45130","4"
"45214","4"
"42610","4"
"44240","4"
"45312","4"
"44263","4"
"41474","4"
"44297","4"
"45079","4"
"46152","4"
"44303","4"
"46149","4"
"41549","4"
"44329","4"
"45542","4"
"42286","4"
"44344","4"
"46093","4"
"45566","4"
"43083","3"
"45074","3"
"45313","3"
"45319","3"
"42527","3"
"42715","3"
"42495","3"
"42474","3"
"42439","3"
"43426","3"
"42370","3"
"42369","3"
"46694","3"
"45480","3"
"42728","3"
"45490","3"
"44878","3"
"42326","3"
"42301","3"
"44827","3"
"42749","3"
"44791","3"
"45608","3"
"42232","3"
"44784","3"
"43444","3"
"45646","3"
"43648","3"
"42205","3"
"44766","3"
"42188","3"
"42175","3"
"43542","3"
"42786","3"
"45716","3"
"44678","3"
"44668","3"
"44667","3"
"43457","3"
"30256","3"
"42079","3"
"43461","3"
"45769","3"
"42074","3"
"45781","3"
"44605","3"
"42845","3"
"45827","3"
"42849","3"
"45842","3"
"46753","3"
"44575","3"
"44560","3"
"45882","3"
"41913","3"
"45905","3"
"46795","3"
"44510","3"
"45923","3"
"42895","3"
"45934","3"
"45935","3"
"41814","3"
"44494","3"
"45939","3"
"44491","3"
"42897","3"
"41789","3"
"45959","3"
"41776","3"
"44471","3"
"45969","3"
"43469","3"
"41742","3"
"44426","3"
"41721","3"
"41709","3"
"42931","3"
"41695","3"
"41662","3"
"42947","3"
"42948","3"
"46081","3"
"44345","3"
"41580","3"
"46107","3"
"46112","3"
"41526","3"
"41520","3"
"46133","3"
"46169","3"
"41450","3"
"46205","3"
"42995","3"
"44212","3"
"42996","3"
"41425","3"
"41409","3"
"41392","3"
"41373","3"
"44164","3"
"46305","3"
"41237","3"
"46314","3"
"44150","3"
"43033","3"
"43049","3"
"46360","3"
"44059","3"
"43508","3"
"44036","3"
"46433","3"
"43474","3"
"40957","3"
"44016","3"
"43514","3"
"43112","3"
"43118","3"
"46509","3"
"43553","3"
"43923","3"
"46538","3"
"40752","3"
"43874","3"
"43872","3"
"43855","3"
"43829","3"
"43238","3"
"43777","3"
"43773","3"
"40531","3"
"40506","3"
"43739","3"
"43733","3"
"46641","3"
"43364","3"
"40503","3"
"46670","3"
"43394","3"
"43704","3"
"42640","3"
"42658","3"
"42660","3"
"45149","3"
"45186","3"
"45187","3"
"45189","3"
"42621","3"
"42614","3"
"42613","3"
"45216","3"
"45223","3"
"45097","3"
"45265","3"
"45094","3"
"40743","2"
"42076","2"
"42538","2"
"42710","2"
"44627","2"
"42830","2"
"45713","2"
"42064","2"
"44702","2"
"42142","2"
"42791","2"
"44712","2"
"45035","2"
"45782","2"
"45695","2"
"42053","2"
"42554","2"
"40585","2"
"45694","2"
"42050","2"
"43647","2"
"44584","2"
"45818","2"
"42039","2"
"45826","2"
"43798","2"
"42608","2"
"46780","2"
"45838","2"
"45839","2"
"45326","2"
"46595","2"
"44576","2"
"44570","2"
"45854","2"
"42192","2"
"42193","2"
"44751","2"
"42024","2"
"43547","2"
"45676","2"
"46792","2"
"44763","2"
"45878","2"
"42194","2"
"42197","2"
"42588","2"
"42858","2"
"45669","2"
"41951","2"
"45668","2"
"45891","2"
"45892","2"
"44534","2"
"45894","2"
"42866","2"
"45897","2"
"45900","2"
"42875","2"
"44765","2"
"46599","2"
"44519","2"
"46600","2"
"45906","2"
"45041","2"
"42202","2"
"44517","2"
"45912","2"
"42879","2"
"44770","2"
"46803","2"
"44508","2"
"44507","2"
"44505","2"
"46606","2"
"42769","2"
"44503","2"
"43763","2"
"44499","2"
"43322","2"
"40535","2"
"46612","2"
"46617","2"
"45649","2"
"42213","2"
"42215","2"
"41808","2"
"46618","2"
"44489","2"
"44487","2"
"40533","2"
"43740","2"
"30372","2"
"41780","2"
"45957","2"
"45958","2"
"45073","2"
"44479","2"
"44473","2"
"45298","2"
"46762","2"
"46684","2"
"44470","2"
"42762","2"
"46634","2"
"45972","2"
"45628","2"
"44465","2"
"45980","2"
"44783","2"
"41761","2"
"45623","2"
"41757","2"
"42231","2"
"41752","2"
"42234","2"
"41746","2"
"45989","2"
"41744","2"
"42914","2"
"45228","2"
"40504","2"
"42920","2"
"44439","2"
"44438","2"
"44437","2"
"41740","2"
"41733","2"
"42921","2"
"42235","2"
"45230","2"
"43616","2"
"45046","2"
"42923","2"
"42238","2"
"41701","2"
"42239","2"
"42926","2"
"45232","2"
"42935","2"
"41697","2"
"42756","2"
"30379","2"
"45233","2"
"41693","2"
"42938","2"
"44397","2"
"44396","2"
"44818","2"
"42941","2"
"42942","2"
"44819","2"
"44387","2"
"46770","2"
"42250","2"
"46061","2"
"46654","2"
"44385","2"
"46659","2"
"45575","2"
"30212","2"
"46068","2"
"46074","2"
"44369","2"
"44362","2"
"43664","2"
"42266","2"
"44358","2"
"42954","2"
"41610","2"
"43470","2"
"46662","2"
"45565","2"
"46090","2"
"44825","2"
"42740","2"
"40471","2"
"46100","2"
"44335","2"
"46777","2"
"44832","2"
"44326","2"
"42959","2"
"42295","2"
"44319","2"
"46669","2"
"45537","2"
"42976","2"
"42978","2"
"41524","2"
"43720","2"
"46122","2"
"46123","2"
"46124","2"
"41517","2"
"44310","2"
"42606","2"
"44835","2"
"30153","2"
"44305","2"
"46148","2"
"45532","2"
"44842","2"
"42739","2"
"44850","2"
"42981","2"
"41492","2"
"44279","2"
"44852","2"
"44277","2"
"46698","2"
"44856","2"
"42323","2"
"44862","2"
"42324","2"
"46166","2"
"44863","2"
"41466","2"
"41461","2"
"44244","2"
"44242","2"
"44236","2"
"44224","2"
"41451","2"
"43403","2"
"42729","2"
"46200","2"
"43497","2"
"45318","2"
"46206","2"
"46207","2"
"46209","2"
"42993","2"
"41446","2"
"44219","2"
"45163","2"
"41445","2"
"41432","2"
"46222","2"
"44893","2"
"42352","2"
"42360","2"
"46229","2"
"46233","2"
"45317","2"
"42570","2"
"46238","2"
"41427","2"
"42648","2"
"30388","2"
"42364","2"
"43002","2"
"46247","2"
"45159","2"
"44188","2"
"42574","2"
"46252","2"
"44894","2"
"42375","2"
"46258","2"
"45467","2"
"46261","2"
"46262","2"
"45465","2"
"44169","2"
"44168","2"
"43014","2"
"44166","2"
"44897","2"
"44907","2"
"41381","2"
"41380","2"
"45171","2"
"42723","2"
"41367","2"
"41358","2"
"42587","2"
"42404","2"
"46294","2"
"42413","2"
"42418","2"
"41352","2"
"44917","2"
"44918","2"
"43031","2"
"45173","2"
"41246","2"
"45239","2"
"42680","2"
"45103","2"
"44145","2"
"44144","2"
"46319","2"
"44932","2"
"45429","2"
"44139","2"
"45428","2"
"44131","2"
"44934","2"
"45426","2"
"44938","2"
"42629","2"
"46342","2"
"41194","2"
"45416","2"
"43036","2"
"44111","2"
"43041","2"
"46352","2"
"43044","2"
"44948","2"
"45182","2"
"43051","2"
"42702","2"
"43055","2"
"43059","2"
"44077","2"
"44064","2"
"43571","2"
"46367","2"
"46369","2"
"44952","2"
"46384","2"
"43532","2"
"46785","2"
"45402","2"
"44953","2"
"44954","2"
"41121","2"
"44054","2"
"46404","2"
"46406","2"
"46407","2"
"46410","2"
"45397","2"
"41089","2"
"45146","2"
"46418","2"
"44043","2"
"41077","2"
"46421","2"
"46423","2"
"42716","2"
"45393","2"
"42471","2"
"45253","2"
"45091","2"
"41000","2"
"43418","2"
"43097","2"
"46441","2"
"46688","2"
"44021","2"
"42489","2"
"40958","2"
"45191","2"
"44972","2"
"45270","2"
"44011","2"
"42492","2"
"44980","2"
"44981","2"
"40929","2"
"45140","2"
"43998","2"
"43997","2"
"45096","2"
"40895","2"
"44986","2"
"45201","2"
"43131","2"
"43975","2"
"43972","2"
"44987","2"
"45379","2"
"43971","2"
"46490","2"
"45378","2"
"40866","2"
"45377","2"
"46494","2"
"46495","2"
"43952","2"
"44990","2"
"42714","2"
"45372","2"
"42503","2"
"40802","2"
"42506","2"
"43940","2"
"45012","2"
"45355","2"
"42711","2"
"43701","2"
"45350","2"
"46524","2"
"45207","2"
"42528","2"
"45310","2"
"46805","2"
"46802","2"
"43425","2"
"46548","2"
"45346","2"
"43883","2"
"46553","2"
"42562","2"
"40713","2"
"43877","2"
"45213","2"
"45308","2"
"40692","2"
"45289","2"
"42529","2"
"42531","2"
"44658","2"
"42118","2"
"45734","2"
"45735","2"
"42534","2"
"44647","2"
"44683","2"
"45741","2"
"46736","2"
"45746","2"
"45747","2"
"42108","2"
"45752","2"
"45134","2"
"42820","2"
"42088","2"
"42083","2"
"42082","2"
"44630","2"
"40598","2"
"42793","2"
"46685","2"
"30255","2"
"44498","1"
"44607","1"
"44141","1"
"41677","1"
"43845","1"
"45692","1"
"45787","1"
"46250","1"
"45635","1"
"41807","1"
"41799","1"
"44049","1"
"46400","1"
"42704","1"
"45751","1"
"42671","1"
"46161","1"
"40404","1"
"41779","1"
"44480","1"
"44937","1"
"46497","1"
"44123","1"
"46167","1"
"44777","1"
"42745","1"
"46677","1"
"46758","1"
"45500","1"
"45732","1"
"42185","1"
"43387","1"
"42186","1"
"44048","1"
"44873","1"
"43432","1"
"30147","1"
"42801","1"
"44905","1"
"45090","1"
"44912","1"
"45674","1"
"46353","1"
"42955","1"
"45414","1"
"43880","1"
"45396","1"
"41855","1"
"45540","1"
"43092","1"
"46668","1"
"46359","1"
"45020","1"
"43320","1"
"41739","1"
"45743","1"
"41014","1"
"42109","1"
"46639","1"
"42679","1"
"46221","1"
"43485","1"
"41706","1"
"45486","1"
"43973","1"
"44423","1"
"44421","1"
"46025","1"
"45714","1"
"45339","1"
"44033","1"
"40989","1"
"44919","1"
"44924","1"
"46528","1"
"46529","1"
"46530","1"
"44838","1"
"41164","1"
